-- phpMyAdmin SQL Dump
-- version 4.6.5.2
-- https://www.phpmyadmin.net/
--
-- Host: 127.0.0.1
-- Generation Time: Sep 13, 2019 at 08:00 AM
-- Server version: 10.1.21-MariaDB
-- PHP Version: 7.3.9

SET SQL_MODE = "NO_AUTO_VALUE_ON_ZERO";
SET AUTOCOMMIT = 0;
START TRANSACTION;
SET time_zone = "+00:00";


/*!40101 SET @OLD_CHARACTER_SET_CLIENT=@@CHARACTER_SET_CLIENT */;
/*!40101 SET @OLD_CHARACTER_SET_RESULTS=@@CHARACTER_SET_RESULTS */;
/*!40101 SET @OLD_COLLATION_CONNECTION=@@COLLATION_CONNECTION */;
/*!40101 SET NAMES utf8mb4 */;

--
-- Database: `nba2019`
--
CREATE DATABASE IF NOT EXISTS `nba2019` DEFAULT CHARACTER SET utf8 COLLATE utf8_general_ci;
USE `nba2019`;

-- --------------------------------------------------------

--
-- Table structure for table `player_totals`
--

DROP TABLE IF EXISTS `player_totals`;
CREATE TABLE `player_totals` (
  `player_id` varchar(32) NOT NULL,
  `age` int(11) DEFAULT NULL,
  `games` int(11) DEFAULT NULL,
  `games_started` int(11) DEFAULT NULL,
  `minutes_played` int(11) DEFAULT NULL,
  `field_goals` int(11) DEFAULT NULL,
  `field_goals_attempted` int(11) DEFAULT NULL,
  `3pt` int(11) DEFAULT NULL,
  `3pt_attempted` int(11) DEFAULT NULL,
  `2pt` int(11) DEFAULT NULL,
  `2pt_attempted` int(11) DEFAULT NULL,
  `free_throws` int(11) DEFAULT NULL,
  `free_throws_attempted` int(11) DEFAULT NULL,
  `offensive_rebounds` int(11) DEFAULT NULL,
  `defensive_rebounds` int(11) DEFAULT NULL,
  `assists` int(11) DEFAULT NULL,
  `steals` int(11) DEFAULT NULL,
  `blocks` int(11) DEFAULT NULL,
  `turnovers` int(11) DEFAULT NULL,
  `personal_fouls` int(11) DEFAULT NULL
) ENGINE=InnoDB DEFAULT CHARSET=utf8;

--
-- Dumping data for table `player_totals`
--

INSERT INTO `player_totals` (`player_id`, `age`, `games`, `games_started`, `minutes_played`, `field_goals`, `field_goals_attempted`, `3pt`, `3pt_attempted`, `2pt`, `2pt_attempted`, `free_throws`, `free_throws_attempted`, `offensive_rebounds`, `defensive_rebounds`, `assists`, `steals`, `blocks`, `turnovers`, `personal_fouls`) VALUES
('007f6287bffb63a5e2384aee1b51583f', 32, 68, 68, 1973, 387, 723, 73, 203, 314, 520, 78, 95, 120, 338, 283, 59, 86, 102, 126),
('0217e9fb5a2fae86f54fb0116efc2549', 25, 80, 80, 2669, 481, 809, 0, 2, 481, 807, 146, 292, 391, 369, 124, 117, 76, 135, 204),
('05d86be23411fb4d5f79bcdbe72a1879', 26, 76, 3, 1470, 220, 419, 14, 42, 206, 377, 29, 37, 28, 146, 258, 79, 17, 91, 105),
('07ce068e19cb931b1e1dc3f001cc3227', 23, 21, 1, 123, 13, 43, 5, 22, 8, 21, 4, 6, 4, 14, 4, 4, 1, 5, 14),
('089534daf204421ecb1cd4e48db84da5', 25, 32, 0, 240, 33, 82, 8, 27, 25, 55, 8, 12, 4, 24, 9, 6, 8, 9, 31),
('099d9c3b9ab242c21f6c9ce4c8587be4', 25, 79, 14, 2314, 457, 1104, 124, 364, 333, 740, 186, 227, 38, 246, 323, 65, 12, 172, 189),
('0f0206ff95d36bb61d99d7586e8cda10', 24, 56, 3, 594, 67, 158, 28, 89, 39, 69, 24, 39, 24, 62, 23, 10, 4, 19, 43),
('105a2cb6cd83a2669b1a5c1da840668b', 21, 75, 74, 2447, 513, 1173, 152, 414, 361, 759, 189, 223, 65, 252, 363, 67, 27, 158, 153),
('11d5bd242841ee6e3b88fab25ddf50b6', 20, 19, 15, 427, 65, 155, 4, 14, 61, 141, 21, 37, 26, 44, 59, 17, 5, 25, 52),
('12bbc2e619261f3b1228f07a5c7e7f2c', 33, 82, 82, 2802, 207, 523, 146, 387, 61, 136, 41, 59, 121, 358, 96, 132, 39, 63, 252),
('12f5d2ec64f8b821ac7ce20e04ae1bab', 28, 77, 77, 2841, 707, 1614, 292, 757, 415, 857, 453, 540, 105, 523, 318, 170, 34, 205, 214),
('18a85da0dd41fcd5584b2bb2c9247fd4', 27, 77, 77, 2393, 506, 1148, 179, 474, 327, 674, 216, 258, 50, 411, 331, 80, 7, 174, 172),
('195c7f8f3390d1e48cc752dd3a1f0e13', 26, 30, 10, 564, 149, 259, 9, 30, 140, 229, 77, 94, 54, 162, 29, 13, 23, 39, 82),
('19ad7a79c24e33bf8ef9d1f9cfa8f754', 20, 51, 3, 526, 75, 165, 4, 24, 71, 141, 36, 59, 38, 59, 17, 21, 10, 23, 77),
('1bd5452a6a8e2603cdae040102b7eac9', 24, 80, 77, 2612, 409, 823, 115, 293, 294, 530, 157, 221, 96, 321, 79, 61, 100, 67, 214),
('1dd89a9e32f3cce27c4648d570c1d9e9', 24, 72, 72, 1974, 420, 826, 3, 29, 417, 797, 282, 365, 243, 505, 233, 71, 103, 168, 250),
('1e9af21b24033b7af67dddede6e68317', 22, 81, 18, 1879, 349, 737, 163, 405, 186, 332, 56, 66, 35, 165, 97, 55, 10, 55, 116),
('232ba0b42aa1ac7dfade232a7ba889b9', 32, 47, 0, 958, 115, 269, 35, 125, 80, 144, 53, 65, 27, 94, 99, 40, 7, 31, 67),
('24201e596adda9913f4832ec60946bd7', 29, 75, 53, 2091, 377, 844, 146, 389, 231, 455, 146, 173, 76, 382, 109, 43, 25, 92, 181),
('246b97968f9beab77ce7eda99606f176', 33, 64, 0, 967, 109, 210, 0, 2, 109, 208, 40, 51, 42, 75, 114, 31, 27, 38, 74),
('2491212247ac6a3f7667bb4672287471', 22, 5, 0, 40, 4, 10, 1, 5, 3, 5, 0, 2, 0, 5, 2, 1, 0, 1, 1),
('256c1c9f4e2c9d4d068bceb945e91136', 28, 43, 38, 1189, 185, 460, 67, 196, 118, 264, 57, 74, 32, 167, 124, 18, 22, 65, 82),
('26ff8cf56e231733c082ed23b5cc5aa3', 29, 74, 51, 2010, 464, 877, 49, 169, 415, 708, 135, 177, 156, 445, 99, 29, 103, 114, 211),
('28a66707bf4f4e803f81bbc12ab8d240', 31, 40, 1, 562, 70, 206, 43, 137, 27, 69, 35, 44, 12, 56, 22, 18, 10, 21, 62),
('2afbd3e4ad8b48703c2f3a9aa5c3ce53', 21, 48, 7, 679, 98, 245, 47, 144, 51, 101, 36, 44, 16, 91, 52, 29, 2, 25, 62),
('2b361e1c491ff28d55d03dff1f7b930e', 25, 60, 3, 1126, 193, 400, 68, 170, 125, 230, 62, 75, 16, 123, 91, 39, 13, 65, 96),
('2b5684412362b1094f7a4a02a6a54713', 21, 30, 1, 204, 18, 53, 4, 15, 14, 38, 0, 1, 6, 19, 23, 5, 3, 11, 28),
('2b655fe9e9f8c3299a97897e56e468bb', 22, 80, 24, 1481, 217, 347, 1, 10, 216, 337, 65, 105, 194, 223, 123, 46, 53, 51, 211),
('2c0459ba980d2ed496a0bc944e52c33a', 27, 74, 12, 1304, 163, 361, 81, 204, 82, 157, 37, 42, 29, 128, 68, 26, 18, 23, 90),
('302bf3f6ad9ff4bbe6c0ddc4142e45f2', 27, 16, 1, 145, 25, 61, 7, 19, 18, 42, 12, 26, 3, 10, 21, 9, 6, 10, 27),
('30f677a623af91be72ffb86031290eb1', 23, 58, 7, 1034, 145, 312, 53, 147, 92, 165, 29, 42, 29, 155, 84, 25, 8, 46, 88),
('3173bf4f7bc28e2ded9fb122026097c9', 25, 74, 10, 1059, 204, 439, 81, 200, 123, 239, 20, 26, 22, 135, 116, 20, 3, 50, 92),
('328118e9e7fde909555f050efacb5d24', 27, 2, 0, 5, 1, 4, 0, 2, 1, 2, 0, 1, 0, 4, 0, 0, 0, 1, 1),
('37578d89dbdecdd41d1f47deafde23c6', 22, 27, 0, 411, 50, 124, 22, 83, 28, 41, 9, 12, 16, 49, 31, 13, 6, 19, 38),
('3815b65342a0d90ada740300d54c92ce', 23, 8, 2, 98, 13, 39, 5, 21, 8, 18, 8, 9, 8, 22, 3, 5, 1, 3, 3),
('38199db0544c279c943a4960cb88642e', 24, 57, 48, 1639, 270, 637, 82, 242, 188, 395, 115, 144, 41, 119, 127, 55, 19, 68, 113),
('3824fef862200d59e15deb7ce58537a5', 25, 44, 0, 673, 96, 229, 43, 125, 53, 104, 32, 36, 10, 70, 62, 14, 4, 40, 31),
('3882e703388ce25b5717594ed415fb53', 31, 8, 0, 104, 21, 39, 8, 18, 13, 21, 1, 1, 1, 11, 8, 1, 1, 2, 5),
('3a4ba501e18fc9854dfffc0ca3144301', 31, 73, 6, 1218, 163, 355, 69, 188, 94, 167, 64, 80, 72, 216, 96, 27, 18, 43, 137),
('3e68c0339a6bf9ccc68907714ea28914', 35, 68, 13, 1578, 151, 302, 48, 144, 103, 158, 39, 67, 48, 204, 216, 61, 51, 52, 95),
('422714955c06ff10734d1c0c283348f8', 21, 1, 0, 1, 0, 1, 0, 0, 0, 1, 0, 0, 1, 0, 0, 0, 0, 0, 0),
('4457f4042ba76ea639d440d61c3b61fe', 23, 70, 25, 1358, 138, 314, 66, 181, 72, 133, 66, 86, 64, 201, 55, 27, 24, 37, 94),
('472e34e69a46a3b44ee83d02d0e0a944', 24, 72, 72, 2358, 721, 1247, 52, 203, 669, 1044, 500, 686, 159, 739, 424, 92, 110, 268, 232),
('47d1ce1a7fa4a934c8c810888d01e01b', 25, 61, 1, 694, 91, 215, 32, 100, 59, 115, 27, 36, 14, 102, 20, 20, 12, 26, 68),
('47e8bb8e2020a1f40d2fd757933d96a7', 26, 61, 2, 878, 132, 242, 50, 111, 82, 131, 43, 51, 49, 184, 75, 13, 9, 43, 105),
('48aecd76c6de059bd4fa3c0bbe7ac1b7', 23, 3, 0, 2, 0, 2, 0, 2, 0, 0, 0, 0, 0, 0, 0, 0, 0, 0, 0),
('49b1137666d0ed929f6c1a5e3959fa5d', 26, 61, 2, 1261, 163, 350, 66, 200, 97, 150, 29, 40, 61, 197, 122, 33, 25, 33, 81),
('4ae0bc9f5760a4c546a68b53e0c5a171', 22, 11, 0, 67, 16, 33, 10, 20, 6, 13, 4, 5, 8, 5, 1, 0, 1, 3, 9),
('4bbf9879aed0a109e5f48545ac5ed62e', 22, 74, 25, 1913, 368, 792, 95, 276, 273, 516, 133, 202, 65, 248, 100, 69, 32, 99, 186),
('4dd900fb98374bf87a249ab2964ca88b', 25, 31, 2, 588, 56, 157, 41, 127, 15, 30, 12, 13, 5, 43, 20, 17, 6, 14, 53),
('4fa00d9b3d21c133e7e16e54b57ba575', 28, 2, 0, 38, 3, 13, 3, 12, 0, 1, 0, 0, 0, 1, 2, 0, 0, 0, 6),
('4faf7458df97dc132a5b7f52791523d2', 19, 20, 1, 141, 28, 63, 10, 29, 18, 34, 9, 16, 3, 10, 13, 1, 0, 11, 9),
('51bda6af77fee586fad3f2924690cfbd', 22, 2, 0, 16, 1, 4, 1, 4, 0, 0, 0, 0, 1, 1, 0, 0, 0, 0, 0),
('52487dcab98464c0cbf904488531e3e6', 25, 39, 13, 979, 118, 252, 74, 178, 44, 74, 56, 71, 25, 115, 40, 21, 11, 35, 80),
('52898b289e5378ea19f495c14e483cf8', 27, 47, 6, 1041, 109, 278, 68, 199, 41, 79, 63, 77, 51, 149, 62, 18, 27, 43, 112),
('5463c499b4d3e597caf19fc3ddbf0922', 32, 7, 3, 140, 20, 49, 4, 14, 16, 35, 9, 13, 4, 13, 10, 12, 2, 8, 16),
('547c03d508216936150d6de1fb3799d7', 28, 3, 0, 52, 15, 23, 1, 1, 14, 22, 10, 11, 4, 9, 7, 1, 0, 1, 5),
('54a0ef94079a59aa2aafe9f45c726eb8', 24, 71, 33, 1327, 216, 424, 59, 181, 157, 243, 50, 71, 56, 161, 53, 31, 30, 46, 116),
('592d7dda52012ca71619739a08785852', 28, 82, 17, 1731, 262, 442, 2, 10, 260, 432, 111, 198, 165, 359, 243, 66, 76, 126, 252),
('5ba415b169a406ac371e1566be3bc870', 22, 16, 0, 94, 10, 33, 2, 9, 8, 24, 8, 11, 2, 13, 12, 1, 2, 14, 11),
('5cb65bc52671e0620521322a64c7e908', 23, 44, 10, 639, 80, 162, 34, 96, 46, 66, 13, 27, 47, 118, 40, 17, 39, 36, 99),
('5d347efadc46b1e99ff221047eea8064', 34, 33, 0, 379, 55, 135, 20, 61, 35, 74, 12, 13, 4, 30, 52, 10, 6, 14, 29),
('5dfee74bc2e435eb214a037a88482ec7', 28, 18, 2, 281, 34, 83, 11, 36, 23, 47, 16, 23, 23, 42, 14, 3, 7, 11, 39),
('5e5a1ebaa56b9bf989f295f70338faf5', 28, 20, 1, 382, 34, 98, 21, 71, 13, 27, 2, 4, 8, 46, 21, 12, 4, 12, 35),
('5e7773e94f133e33d87ff630e0107517', 32, 6, 0, 40, 4, 13, 3, 9, 1, 4, 2, 2, 3, 8, 1, 2, 2, 5, 6),
('5e8fead687d2c6bc1cf1f0a5c1a32ece', 22, 11, 0, 36, 7, 13, 3, 7, 4, 6, 1, 2, 0, 4, 5, 0, 0, 1, 3),
('5eb6003d6a0dde88ccf95bbd0ebc967f', 20, 74, 74, 1931, 185, 431, 106, 290, 79, 141, 37, 51, 33, 108, 72, 40, 16, 47, 231),
('6014131391bf756d9b75e252b76289b9', 33, 4, 0, 37, 3, 9, 3, 8, 0, 1, 0, 0, 0, 1, 2, 0, 1, 2, 4),
('685669355a3f4d69ae6444a777f82f06', 30, 22, 3, 305, 75, 120, 4, 8, 71, 112, 26, 36, 32, 81, 32, 5, 10, 22, 33),
('68e48297ed7860c367045f29b5533e58', 26, 67, 67, 2214, 604, 1241, 174, 434, 430, 807, 214, 245, 71, 264, 464, 103, 34, 172, 167),
('696a9b3a3d4de6c20f39844ed6fa8bc6', 27, 12, 0, 118, 11, 47, 5, 32, 6, 15, 9, 11, 1, 8, 9, 2, 0, 5, 14),
('6a088b038df82c1871132aeaf94f7785', 31, 67, 7, 1231, 167, 381, 58, 160, 109, 221, 61, 74, 94, 208, 52, 32, 20, 48, 172),
('6d470f1fcf1bf012b978018319dbe3e7', 23, 4, 0, 29, 4, 10, 1, 3, 3, 7, 1, 2, 0, 5, 4, 2, 0, 1, 1),
('6ed82b08a1ca33862515ded99d230ede', 21, 3, 0, 21, 2, 7, 0, 2, 2, 5, 1, 2, 2, 4, 3, 2, 0, 0, 5),
('6f545977bbd5827647030add33b7ee65', 28, 30, 30, 771, 178, 371, 26, 95, 152, 276, 106, 144, 43, 204, 107, 40, 44, 72, 109),
('7013632d7c09107e145188caf1e3628e', 28, 72, 18, 1863, 296, 635, 77, 231, 219, 404, 156, 187, 51, 271, 244, 62, 23, 105, 104),
('7299f6a9d302b7070e796ceae7b07fd5', 26, 49, 2, 897, 127, 293, 30, 90, 97, 203, 53, 61, 39, 86, 110, 46, 15, 37, 53),
('74b39e926dd420dc55a5048bacf8752a', 23, 22, 0, 103, 9, 29, 8, 25, 1, 4, 4, 5, 2, 11, 0, 1, 0, 8, 13),
('755b7326b0b8ea486f50e63a77890d27', 27, 14, 3, 320, 56, 135, 31, 87, 25, 48, 20, 23, 14, 61, 20, 10, 9, 11, 21),
('755fdbb40323cd9f73129304517a1cf0', 26, 27, 4, 659, 98, 217, 29, 84, 69, 133, 33, 41, 7, 38, 34, 21, 7, 19, 45),
('757675254e6fd3758d3e6bb9a81fdcd4', 29, 24, 1, 387, 61, 156, 20, 59, 41, 97, 14, 19, 20, 71, 19, 11, 2, 7, 58),
('759bda9e8f34cdce8c970cbfef33ed29', 26, 64, 64, 1832, 378, 748, 104, 244, 274, 504, 141, 152, 65, 223, 205, 46, 13, 91, 102),
('783aba127dd4d6af2bd7de6598fcd9b4', 26, 27, 27, 944, 187, 399, 44, 135, 143, 264, 74, 88, 32, 181, 79, 11, 13, 42, 61),
('790baf489fff77d1c78f753bd3c644af', 21, 54, 4, 1108, 153, 347, 99, 245, 54, 102, 44, 54, 14, 64, 59, 24, 8, 26, 106),
('793fd79c395047167189f5a965a1b675', 36, 42, 2, 546, 60, 116, 0, 3, 60, 113, 31, 47, 34, 89, 26, 18, 15, 11, 87),
('799f53c4cf242ee088026a8f81c3ff6e', 23, 13, 0, 62, 12, 25, 3, 5, 9, 20, 10, 15, 4, 16, 2, 0, 0, 3, 3),
('7a53bffff2b21cd21822d4fdc2109bd2', 30, 78, 78, 2702, 721, 1383, 137, 388, 584, 995, 448, 506, 33, 464, 457, 58, 84, 225, 155),
('7b1f72ab7826d11aa803c88b9b998c10', 28, 81, 81, 2292, 257, 593, 96, 280, 161, 313, 150, 173, 112, 498, 104, 68, 33, 72, 143),
('7e3f14f2d7b8dbdc0fafe82c33996ae6', 26, 72, 5, 1003, 134, 275, 42, 118, 92, 157, 27, 48, 81, 166, 31, 18, 15, 30, 134),
('7ec802f487219450c4dcd441c5f13bcc', 26, 66, 2, 908, 146, 266, 26, 67, 120, 199, 56, 76, 87, 138, 68, 21, 42, 33, 161),
('874a35f66b1c6ad9774d3371263e3808', 22, 48, 3, 882, 104, 251, 46, 127, 58, 124, 26, 47, 45, 177, 52, 18, 20, 32, 85),
('8822840bde4ddba9a9b0b5d3e732a73e', 22, 25, 0, 94, 9, 18, 4, 10, 5, 8, 1, 3, 7, 11, 6, 2, 0, 4, 10),
('89026a1149003459a5a96deedd7092c8', 24, 64, 28, 1760, 246, 600, 112, 296, 134, 304, 97, 115, 21, 146, 307, 57, 20, 82, 110),
('8937ecd7373de0b13771ea1e4036a019', 30, 23, 3, 433, 58, 155, 11, 55, 47, 100, 34, 42, 6, 54, 50, 9, 6, 26, 48),
('899fa40dce758998801cb0472c7ea0a8', 31, 80, 80, 2216, 293, 630, 198, 435, 95, 195, 37, 44, 60, 257, 126, 73, 53, 75, 171),
('89ca228c3d91bb884a4ae2c2d20bccc0', 28, 80, 80, 2838, 681, 1533, 237, 643, 444, 890, 468, 513, 68, 303, 551, 88, 34, 212, 148),
('8c556d4dd7bdfb5520fe7254c7075a4a', 21, 35, 0, 409, 59, 134, 26, 78, 33, 56, 20, 37, 17, 79, 18, 10, 18, 9, 55),
('8e1b51238920b7fdc8e32cb27a441fd5', 30, 73, 73, 2630, 630, 1473, 119, 411, 511, 1062, 296, 451, 109, 698, 784, 142, 33, 325, 245),
('91dcee5385f636b89689f4dc133cbc4c', 23, 82, 6, 1970, 346, 702, 94, 227, 252, 475, 65, 81, 35, 159, 297, 73, 4, 52, 102),
('9383e1e6926cf2ac0f9f337435aedbd8', 21, 18, 0, 145, 14, 44, 1, 5, 13, 39, 6, 7, 13, 39, 7, 4, 0, 16, 22),
('93d478d30feac5589c2a0efc3bf3add7', 25, 1, 0, 26, 6, 13, 4, 10, 2, 3, 1, 2, 1, 2, 3, 1, 0, 0, 3),
('95d49b562a22a1a9bc7d92664107d9aa', 27, 70, 70, 2375, 571, 1243, 167, 445, 404, 798, 159, 192, 62, 220, 207, 55, 28, 106, 172),
('9613b4b7dfb4922d65890c5649de3ca6', 34, 10, 2, 294, 49, 121, 21, 64, 28, 57, 15, 22, 9, 45, 5, 4, 7, 8, 32),
('99310baa4c4dc505295a45f4f289b7dd', 29, 25, 13, 610, 131, 223, 7, 20, 124, 203, 54, 83, 82, 124, 18, 15, 19, 27, 74),
('99b64e5311dfbbef80a15c4c8e8a0648', 24, 6, 0, 39, 8, 15, 2, 6, 6, 9, 4, 4, 2, 1, 5, 2, 0, 1, 4),
('9a455424eefef9edc1f6b8f7eca1f6ba', 28, 12, 2, 211, 28, 66, 10, 24, 18, 42, 9, 13, 9, 22, 42, 5, 1, 16, 19),
('9c46be810cd92c60fbaada45426c4dda', 28, 13, 13, 440, 50, 117, 30, 77, 20, 40, 17, 23, 7, 60, 14, 24, 23, 22, 45),
('9c919c5cb5b0be0330b165e16f023fc8', 38, 3, 0, 30, 1, 6, 1, 3, 0, 3, 1, 2, 0, 10, 2, 0, 1, 2, 1),
('9e09b204c95236559b171429cb667926', 31, 36, 32, 951, 91, 207, 46, 118, 45, 89, 13, 18, 44, 124, 72, 22, 18, 39, 94),
('9e1fcb050aa028cdbbcb979702271559', 20, 3, 0, 6, 2, 3, 1, 1, 1, 2, 0, 0, 0, 1, 2, 0, 0, 0, 0),
('9e669364ad41fef9d2c4337ca63d74db', 23, 1, 0, 1, 1, 1, 0, 0, 1, 1, 0, 0, 0, 0, 0, 0, 0, 0, 0),
('9f42764f651a48ab2bc0112d819bafdc', 24, 68, 3, 788, 99, 192, 0, 2, 99, 190, 25, 41, 55, 129, 76, 20, 51, 42, 80),
('a438012da4bcf70f8305b8a6f083c3fb', 22, 6, 0, 51, 8, 21, 2, 8, 6, 13, 1, 2, 6, 11, 5, 2, 0, 0, 2),
('a5ab2af4fe5fa4e275830d5b19a672be', 24, 79, 14, 1791, 258, 666, 119, 337, 139, 329, 73, 93, 32, 275, 231, 68, 21, 68, 101),
('a6c5f147aac35e5125ed220b6292cfe9', 30, 27, 3, 647, 76, 190, 49, 119, 27, 71, 10, 15, 19, 83, 22, 9, 5, 17, 68),
('a6f73b1086ec81895dc5e56d38be6063', 34, 26, 19, 648, 87, 187, 23, 52, 64, 135, 40, 52, 24, 148, 101, 24, 23, 36, 70),
('a7375eb4c3d5619d264bbafa3c817de1', 29, 78, 78, 2867, 843, 1909, 378, 1028, 465, 881, 754, 858, 66, 452, 586, 158, 58, 387, 244),
('a8f6a9203011d8c7c46ea169a9aec8e5', 26, 32, 0, 375, 56, 127, 27, 68, 29, 59, 19, 22, 8, 56, 13, 13, 0, 11, 28),
('a8fd7ad3a17fd8a0ad2e5b3d7dfb7714', 30, 69, 69, 2331, 632, 1340, 354, 810, 278, 530, 263, 287, 45, 324, 361, 92, 25, 192, 166),
('a90f95863bed16e39ad90df6f7731d56', 22, 1, 0, 1, 0, 1, 0, 1, 0, 0, 0, 0, 0, 0, 0, 0, 0, 0, 0),
('a94f6df6ee0c2f3eaf0c533f718b7625', 28, 2, 0, 5, 3, 5, 0, 0, 3, 5, 0, 0, 3, 0, 1, 0, 0, 0, 0),
('a97a23b8c444a0fce16a18d99e22df48', 20, 15, 1, 111, 16, 50, 5, 21, 11, 29, 3, 7, 1, 10, 5, 1, 2, 4, 4),
('ac381af6f477a958a0ae1f00ea80706d', 29, 78, 78, 2272, 470, 971, 124, 377, 346, 594, 177, 236, 82, 280, 430, 116, 29, 165, 156),
('ace46388ece69da21856dc4d4187deb7', 24, 80, 79, 2548, 519, 945, 79, 214, 440, 731, 237, 302, 124, 425, 248, 73, 52, 154, 241),
('aea9275af83e92cbb36ede858a34653b', 20, 28, 0, 221, 20, 41, 2, 6, 18, 35, 11, 14, 21, 26, 15, 7, 12, 13, 56),
('b020c1c40d5067e4b5a9b5191675aad1', 26, 28, 0, 163, 34, 76, 12, 37, 22, 39, 13, 15, 16, 40, 2, 6, 24, 7, 31),
('b0354066a29d23dd010ed40f46834b99', 30, 73, 2, 1605, 204, 443, 11, 52, 193, 391, 75, 106, 37, 291, 283, 33, 18, 114, 110),
('b218927d59277c9db89ed62199ba3c79', 22, 20, 0, 268, 34, 87, 14, 44, 20, 43, 5, 7, 9, 26, 18, 8, 8, 6, 29),
('b28ba02a1c3803cd4c025941b6ac4fe0', 24, 64, 64, 2154, 580, 1199, 79, 263, 501, 936, 522, 649, 160, 711, 234, 46, 122, 226, 211),
('b66348595656afb3d00dd617d817bd21', 24, 77, 2, 1055, 162, 276, 0, 0, 162, 276, 54, 79, 127, 198, 45, 66, 96, 48, 166),
('b8219ed233477a467ea7c6a3a49010c8', 28, 38, 2, 423, 74, 161, 0, 4, 74, 157, 35, 61, 60, 96, 16, 13, 8, 31, 61),
('b9301155de19e35a38a9bc742ddb8f56', 19, 17, 0, 69, 9, 19, 0, 1, 9, 18, 6, 10, 7, 16, 3, 6, 1, 8, 8),
('ba0d5c4d8d8a9582e1c21b0d54c82527', 28, 40, 25, 949, 104, 211, 44, 120, 60, 91, 42, 58, 37, 80, 27, 38, 16, 23, 111),
('ba8754c9d4a116f7a48f16d2fac396dc', 25, 10, 0, 67, 11, 26, 10, 21, 1, 5, 3, 4, 1, 4, 1, 1, 1, 1, 5),
('babbece4db5f0a9765bce88036a79ff9', 28, 75, 37, 1503, 160, 362, 61, 188, 99, 174, 49, 70, 89, 174, 72, 37, 46, 44, 175),
('bb1550a3061ba7348cae67fc15de0f10', 21, 77, 0, 1356, 189, 400, 40, 121, 149, 279, 94, 126, 109, 215, 71, 25, 66, 77, 174),
('bb3c101f7df6583ca91b5c908a6c139d', 28, 14, 0, 188, 31, 67, 11, 31, 20, 36, 6, 10, 16, 55, 14, 7, 11, 12, 16),
('bc0c8692faacdcbd9312dd785890c9ce', 33, 70, 65, 1895, 322, 665, 58, 159, 264, 506, 181, 249, 153, 352, 141, 83, 54, 95, 183),
('c0daf517e5366af07a108189d7286bde', 23, 16, 0, 57, 6, 23, 2, 6, 4, 17, 9, 11, 1, 2, 14, 0, 0, 3, 7),
('c1b209c445d0a55a46460f1df9f89ae4', 33, 58, 58, 1857, 302, 720, 127, 355, 175, 365, 175, 203, 36, 229, 473, 114, 18, 152, 146),
('c2098c3c351cfab18e8f27fa0d3876ce', 23, 80, 80, 2504, 616, 1206, 83, 270, 533, 936, 289, 352, 228, 637, 580, 108, 55, 248, 228),
('c2dfcc4165c12b8d924ab44f61c0975e', 21, 16, 0, 104, 11, 34, 1, 15, 10, 19, 6, 7, 7, 21, 6, 2, 4, 12, 17),
('c58a9bc0a49cab4d477261a1301f1a21', 21, 32, 2, 283, 36, 51, 0, 0, 36, 51, 9, 15, 27, 54, 7, 9, 40, 10, 36),
('c6b36b1e92f9ae05f6b1882c4ad33f1e', 28, 26, 0, 212, 23, 71, 6, 28, 17, 43, 3, 3, 5, 26, 28, 12, 5, 16, 22),
('c8bb9d366246de133d0348f445a46cf6', 21, 67, 6, 1352, 183, 404, 67, 202, 116, 202, 36, 62, 58, 139, 47, 46, 22, 55, 140),
('cad5fbac7d0b1394a0b844a6f0009664', 28, 66, 66, 2065, 188, 422, 47, 165, 141, 257, 63, 91, 60, 421, 454, 95, 70, 169, 197),
('cebf6bbba72263e424b226dd183c3497', 29, 36, 0, 343, 50, 105, 16, 39, 34, 66, 24, 28, 3, 38, 56, 12, 2, 19, 34),
('d0fa0a7976d187e9350f722e0fc4ce54', 26, 23, 8, 512, 124, 215, 3, 12, 121, 203, 50, 68, 86, 112, 32, 14, 9, 39, 61),
('d1d03b9d666e563d2ac3161051605a98', 29, 55, 55, 1824, 344, 747, 50, 148, 294, 599, 264, 304, 105, 185, 220, 99, 29, 81, 93),
('d69025d43d9f0dbacf551d0673c22ed9', 31, 51, 6, 529, 79, 157, 12, 40, 67, 117, 31, 41, 47, 100, 60, 16, 13, 45, 99),
('d6b6aa654597dd502c6a6f74c3dca79a', 29, 15, 0, 219, 29, 64, 9, 21, 20, 43, 16, 25, 4, 22, 33, 11, 1, 12, 21),
('d87197e64f319fb65e77460d59863025', 20, 79, 79, 2455, 466, 1036, 116, 311, 350, 725, 195, 228, 70, 407, 168, 84, 57, 122, 168),
('dafe09936a5d0b82cd65305e45706f50', 30, 81, 81, 2322, 355, 786, 187, 512, 168, 274, 112, 133, 33, 363, 98, 51, 179, 82, 189),
('dc29271158f8c56f570d48914b4dbd90', 32, 51, 18, 821, 105, 223, 21, 61, 84, 162, 53, 62, 88, 152, 57, 12, 34, 40, 125),
('debfff779b6697c92137b1840589d152', 28, 12, 0, 97, 6, 19, 4, 11, 2, 8, 4, 4, 0, 10, 29, 2, 0, 11, 9),
('dff4e1be12c6d93f78d59c6aa82fe08b', 23, 7, 0, 33, 2, 8, 2, 5, 0, 3, 0, 0, 1, 3, 4, 1, 1, 1, 2),
('e06857718cb1eba3eb05dbcf12bfb333', 29, 63, 5, 861, 82, 219, 46, 137, 36, 82, 19, 30, 42, 105, 31, 16, 13, 22, 46),
('e2117eb8e1e268c532906e0adcd1cdcf', 23, 41, 1, 251, 35, 77, 9, 28, 26, 49, 15, 22, 23, 30, 15, 8, 7, 15, 32),
('e28a6ed85a08f500d993c79f059967fa', 32, 65, 65, 2213, 304, 739, 157, 453, 147, 286, 161, 194, 41, 271, 564, 91, 31, 182, 166),
('e382bbed45df9176945e8188531d02b5', 27, 4, 0, 38, 3, 7, 1, 1, 2, 6, 0, 0, 4, 13, 4, 1, 1, 5, 8),
('e3afdb63ab90d13f719f9eec3e470d27', 19, 6, 2, 111, 14, 34, 6, 16, 8, 18, 6, 8, 3, 10, 10, 2, 2, 6, 8),
('e4317ad4127f85850532dec276fd4169', 24, 67, 67, 2249, 474, 732, 0, 0, 474, 732, 166, 261, 298, 550, 96, 44, 102, 94, 168),
('e48358af630c89a0ee035824fcb795a6', 25, 12, 0, 55, 8, 18, 4, 8, 4, 10, 9, 11, 1, 8, 6, 0, 0, 2, 5),
('e4b2150cd88f437a702582e2cdd24dfe', 34, 11, 5, 134, 18, 36, 0, 0, 18, 36, 3, 3, 12, 43, 11, 3, 8, 8, 22),
('e953c5874e016fcb7c890f4d6b4ec839', 24, 80, 60, 2200, 239, 567, 126, 346, 113, 221, 104, 129, 57, 177, 321, 143, 28, 123, 201),
('eb85316b4984e1085764828e4117cf5c', 23, 64, 2, 1120, 207, 495, 51, 200, 156, 295, 81, 116, 44, 202, 87, 30, 23, 68, 93),
('ed39a43d12a47f5927832fbd49b119af', 34, 76, 63, 2379, 452, 1027, 240, 605, 212, 422, 228, 255, 20, 166, 206, 32, 17, 101, 129),
('ef49051f4e8cc9a04ff6eefc527bdb3c', 25, 60, 53, 1415, 189, 388, 33, 120, 156, 268, 49, 73, 77, 192, 74, 67, 53, 45, 163),
('f067b90161c9909c7ded565d9f9dc6a1', 22, 79, 79, 2700, 540, 960, 0, 6, 540, 954, 257, 428, 172, 525, 610, 112, 61, 274, 209),
('f087bb42436fba9b491c616915be43ba', 26, 47, 13, 1345, 156, 378, 71, 221, 85, 157, 25, 49, 15, 76, 109, 29, 13, 32, 135),
('f423d3f6091362a654792d81511c1fe9', 29, 12, 0, 181, 34, 99, 12, 43, 22, 56, 17, 27, 5, 8, 23, 5, 1, 18, 17),
('f4d6bd815eed0ca2cfe1796e4475ab95', 30, 68, 53, 2158, 384, 938, 216, 600, 168, 338, 119, 152, 17, 131, 129, 41, 27, 90, 143),
('f5bb42b10e2d144c834faf8612ea382c', 28, 78, 78, 2652, 655, 1402, 241, 599, 414, 803, 129, 158, 37, 262, 186, 84, 47, 115, 157),
('f706ba5f557cbb35e4cc410df45de394', 27, 4, 0, 31, 2, 6, 2, 5, 0, 1, 0, 0, 1, 3, 3, 0, 1, 2, 2),
('f8605c08106d3eeacf2b5b9d3bcb4919', 23, 26, 1, 344, 24, 54, 8, 24, 16, 30, 13, 15, 7, 38, 27, 21, 2, 14, 37),
('f8d73684b5d8007bc8a5f684f4161e95', 24, 51, 2, 641, 50, 151, 41, 138, 9, 13, 7, 7, 24, 92, 18, 20, 26, 7, 47),
('f969e675ae7b964e432181137dce3afa', 28, 74, 2, 1399, 212, 465, 113, 251, 99, 214, 44, 52, 27, 93, 66, 36, 12, 61, 97),
('f9b5b2a0e2dcb5cc4bd1953bc863f6d3', 33, 73, 0, 1473, 231, 578, 156, 441, 75, 137, 57, 68, 30, 152, 40, 33, 27, 55, 126),
('fb7023fdf9a77b1cf2d336e7b90b7f9a', 22, 9, 1, 63, 13, 19, 2, 2, 11, 17, 3, 6, 5, 14, 5, 3, 3, 4, 8),
('fd5d9c126536863c1100bd2bf6fc9fad', 24, 13, 13, 396, 48, 132, 21, 70, 27, 62, 27, 30, 21, 65, 26, 4, 3, 25, 39),
('fe625fb7d644226bab83ca785672f7a9', 23, 24, 22, 410, 53, 74, 0, 0, 53, 74, 24, 37, 31, 44, 28, 12, 25, 16, 63),
('ff56766cec51f8581cb2aaa7515b9ad3', 27, 60, 60, 2040, 560, 1129, 112, 302, 448, 827, 364, 426, 78, 361, 199, 106, 24, 121, 87),
('ffd696b8a71d5520264dfe1124e1b237', 25, 7, 0, 22, 3, 10, 0, 4, 3, 6, 1, 2, 1, 3, 6, 2, 0, 2, 4);

-- --------------------------------------------------------

--
-- Table structure for table `roster`
--

DROP TABLE IF EXISTS `roster`;
CREATE TABLE `roster` (
  `id` varchar(32) NOT NULL,
  `team_code` varchar(3) NOT NULL,
  `number` int(11) DEFAULT NULL,
  `name` varchar(255) DEFAULT NULL,
  `pos` varchar(2) DEFAULT NULL,
  `height` varchar(255) DEFAULT NULL,
  `weight` int(11) DEFAULT NULL,
  `dob` datetime DEFAULT NULL,
  `nationality` varchar(45) DEFAULT NULL,
  `years_exp` varchar(255) DEFAULT NULL,
  `college` varchar(255) DEFAULT NULL
) ENGINE=InnoDB DEFAULT CHARSET=utf8;

--
-- Dumping data for table `roster`
--

INSERT INTO `roster` (`id`, `team_code`, `number`, `name`, `pos`, `height`, `weight`, `dob`, `nationality`, `years_exp`, `college`) VALUES
('007f6287bffb63a5e2384aee1b51583f', 'BOS', 42, 'Al Horford', 'C', '6-10', 245, '1986-06-03 00:00:00', 'do', '11', 'Florida'),
('0217e9fb5a2fae86f54fb0116efc2549', 'OKC', 12, 'Steven Adams', 'C', '7-0', 265, '1993-07-20 00:00:00', 'nz', '5', 'Pitt'),
('05d86be23411fb4d5f79bcdbe72a1879', 'PHI', 12, 'T.J. McConnell', 'PG', '6-2', 190, '1992-03-25 00:00:00', 'us', '3', 'Duquesne, Arizona'),
('07ce068e19cb931b1e1dc3f001cc3227', 'OKC', 7, 'Timothy Luwawu-Cabarrot', 'SF', '6-6', 210, '1995-05-09 00:00:00', 'fr', '2', ''),
('089534daf204421ecb1cd4e48db84da5', 'OKC', 30, 'Deonte Burton', 'SG', '6-5', 245, '1994-01-31 00:00:00', 'us', 'R', 'Marquette, Iowa State'),
('099d9c3b9ab242c21f6c9ce4c8587be4', 'OKC', 17, 'Dennis Schroder', 'PG', '6-1', 172, '1993-09-15 00:00:00', 'de', '5', ''),
('0f0206ff95d36bb61d99d7586e8cda10', 'BOS', 37, 'Semi Ojeleye', 'PF', '6-7', 241, '1994-12-05 00:00:00', 'us', '1', 'SMU'),
('105a2cb6cd83a2669b1a5c1da840668b', 'DEN', 27, 'Jamal Murray', 'PG', '6-4', 207, '1997-02-23 00:00:00', 'ca', '2', 'Kentucky'),
('11d5bd242841ee6e3b88fab25ddf50b6', 'PHI', 20, 'Markelle Fultz', 'SG', '6-4', 200, '1998-05-29 00:00:00', 'us', '1', 'Washington'),
('12bbc2e619261f3b1228f07a5c7e7f2c', 'HOU', 17, 'P.J. Tucker', 'PF', '6-6', 245, '1985-05-05 00:00:00', 'us', '7', 'Texas'),
('12f5d2ec64f8b821ac7ce20e04ae1bab', 'OKC', 13, 'Paul George', 'SF', '6-9', 220, '1990-05-02 00:00:00', 'us', '8', 'Fresno State'),
('18a85da0dd41fcd5584b2bb2c9247fd4', 'MIL', 22, 'Khris Middleton', 'SF', '6-8', 222, '1991-08-12 00:00:00', 'us', '6', 'Texas A&M'),
('195c7f8f3390d1e48cc752dd3a1f0e13', 'TOR', 17, 'Jonas Valanciunas', 'C', '7-0', 265, '1992-05-06 00:00:00', 'lt', '6', ''),
('19ad7a79c24e33bf8ef9d1f9cfa8f754', 'OKC', 6, 'Hamidou Diallo', 'SG', '6-5', 198, '1998-07-31 00:00:00', 'us', 'R', 'Kentucky'),
('1bd5452a6a8e2603cdae040102b7eac9', 'OKC', 9, 'Jerami Grant', 'PF', '6-9', 220, '1994-03-12 00:00:00', 'us', '4', 'Syracuse'),
('1dd89a9e32f3cce27c4648d570c1d9e9', 'POR', 27, 'Jusuf Nurkic', 'C', '7-0', 275, '1994-08-23 00:00:00', 'ba', '4', ''),
('1e9af21b24033b7af67dddede6e68317', 'DEN', 25, 'Malik Beasley', 'SG', '6-5', 195, '1996-11-26 00:00:00', 'us', '2', 'Florida State'),
('232ba0b42aa1ac7dfade232a7ba889b9', 'MIL', 3, 'George Hill', 'PG', '6-3', 188, '1986-05-04 00:00:00', 'us', '10', 'IUPUI'),
('24201e596adda9913f4832ec60946bd7', 'BOS', 13, 'Marcus Morris', 'PF', '6-9', 235, '1989-09-02 00:00:00', 'us', '7', 'Kansas'),
('246b97968f9beab77ce7eda99606f176', 'GSW', 34, 'Shaun Livingston', 'PG', '6-7', 192, '1985-09-11 00:00:00', 'us', '13', ''),
('2491212247ac6a3f7667bb4672287471', 'PHI', 7, 'Haywood Highsmith', 'SF', '6-7', 220, '1996-12-09 00:00:00', 'us', 'R', 'Wheeling Jesuit University'),
('256c1c9f4e2c9d4d068bceb945e91136', 'DEN', 5, 'Will Barton', 'SG', '6-6', 190, '1991-01-06 00:00:00', 'us', '6', 'Memphis'),
('26ff8cf56e231733c082ed23b5cc5aa3', 'TOR', 9, 'Serge Ibaka', 'C', '6-10', 235, '1989-09-18 00:00:00', 'cg', '9', ''),
('28a66707bf4f4e803f81bbc12ab8d240', 'TOR', 0, 'C.J. Miles', 'SF', '6-6', 220, '1987-03-18 00:00:00', 'us', '13', ''),
('2afbd3e4ad8b48703c2f3a9aa5c3ce53', 'PHI', 30, 'Furkan Korkmaz', 'SG', '6-7', 190, '1997-07-24 00:00:00', 'tr', '1', ''),
('2b361e1c491ff28d55d03dff1f7b930e', 'TOR', 24, 'Norman Powell', 'SG', '6-4', 215, '1993-05-25 00:00:00', 'us', '3', 'UCLA'),
('2b5684412362b1094f7a4a02a6a54713', 'GSW', 10, 'Jacob Evans', 'SG', '6-6', 210, '1997-06-18 00:00:00', 'us', 'R', 'Cincinnati'),
('2b655fe9e9f8c3299a97897e56e468bb', 'GSW', 5, 'Kevon Looney', 'C', '6-9', 220, '1996-02-06 00:00:00', 'us', '3', 'UCLA'),
('2c0459ba980d2ed496a0bc944e52c33a', 'MIL', 21, 'Tony Snell', 'SF', '6-7', 213, '1991-11-10 00:00:00', 'us', '5', 'New Mexico'),
('302bf3f6ad9ff4bbe6c0ddc4142e45f2', 'HOU', 1, 'Michael Carter-Williams', 'PG', '6-6', 190, '1991-10-10 00:00:00', 'us', '5', 'Syracuse'),
('30f677a623af91be72ffb86031290eb1', 'MIL', 23, 'Sterling Brown', 'SG', '6-6', 232, '1995-02-10 00:00:00', 'us', '1', 'SMU'),
('3173bf4f7bc28e2ded9fb122026097c9', 'GSW', 4, 'Quinn Cook', 'PG', '6-2', 179, '1993-03-23 00:00:00', 'us', '2', 'Duke'),
('328118e9e7fde909555f050efacb5d24', 'HOU', 9, 'Terrence Jones', 'PF', '6-9', 252, '1992-01-09 00:00:00', 'us', '5', 'Kentucky'),
('37578d89dbdecdd41d1f47deafde23c6', 'MIL', 9, 'Donte DiVincenzo', 'SG', '6-4', 203, '1997-01-31 00:00:00', 'us', 'R', 'Villanova'),
('3815b65342a0d90ada740300d54c92ce', 'MIL', 50, 'Bonzie Colson', 'SF', '6-6', 224, '1996-01-12 00:00:00', 'us', 'R', 'Notre Dame'),
('38199db0544c279c943a4960cb88642e', 'DEN', 14, 'Gary Harris', 'SG', '6-4', 210, '1994-09-14 00:00:00', 'us', '4', 'Michigan State'),
('3824fef862200d59e15deb7ce58537a5', 'POR', 6, 'Nik Stauskas', 'SG', '6-6', 205, '1993-10-07 00:00:00', 'ca', '4', 'Michigan'),
('3882e703388ce25b5717594ed415fb53', 'TOR', 20, 'Jodie Meeks', 'SG', '6-4', 210, '1987-08-21 00:00:00', 'us', '9', 'Kentucky'),
('3a4ba501e18fc9854dfffc0ca3144301', 'GSW', 21, 'Jonas Jerebko', 'PF', '6-10', 231, '1987-03-02 00:00:00', 'se', '8', ''),
('3e68c0339a6bf9ccc68907714ea28914', 'GSW', 9, 'Andre Iguodala', 'SF', '6-6', 215, '1984-01-28 00:00:00', 'us', '14', 'Arizona'),
('422714955c06ff10734d1c0c283348f8', 'OKC', 34, 'Tyler Davis', 'C', '6-10', 266, '1997-05-22 00:00:00', 'us', 'R', 'Texas A&M'),
('4457f4042ba76ea639d440d61c3b61fe', 'DEN', 41, 'Juan Hernangomez', 'PF', '6-9', 230, '1995-09-28 00:00:00', 'es', '2', ''),
('472e34e69a46a3b44ee83d02d0e0a944', 'MIL', 34, 'Giannis Antetokounmpo', 'PF', '6-11', 242, '1994-12-06 00:00:00', 'gr', '5', ''),
('47d1ce1a7fa4a934c8c810888d01e01b', 'OKC', 11, 'Abdel Nader', 'SF', '6-6', 225, '1993-09-25 00:00:00', 'eg', '1', 'Northern Illinois, Iowa State'),
('47e8bb8e2020a1f40d2fd757933d96a7', 'POR', 11, 'Meyers Leonard', 'C', '7-1', 255, '1992-02-27 00:00:00', 'us', '6', 'Illinois'),
('48aecd76c6de059bd4fa3c0bbe7ac1b7', 'OKC', 15, 'Donte Grantham', 'SF', '6-8', 215, '1995-03-19 00:00:00', 'us', 'R', 'Clemson'),
('49b1137666d0ed929f6c1a5e3959fa5d', 'MIL', 24, 'Pat Connaughton', 'SG', '6-4', 209, '1993-01-06 00:00:00', 'us', '3', 'Notre Dame'),
('4ae0bc9f5760a4c546a68b53e0c5a171', 'GSW', 32, 'Marcus Derrickson', 'PF', '6-7', 249, '1996-02-01 00:00:00', 'us', 'R', 'Georgetown'),
('4bbf9879aed0a109e5f48545ac5ed62e', 'BOS', 7, 'Jaylen Brown', 'SG', '6-7', 220, '1996-10-24 00:00:00', 'us', '2', 'Cal'),
('4dd900fb98374bf87a249ab2964ca88b', 'OKC', 8, 'Alex Abrines', 'SG', '6-6', 200, '1993-08-01 00:00:00', 'es', '2', ''),
('4fa00d9b3d21c133e7e16e54b57ba575', 'HOU', 21, 'James Nunnally', 'SF', '6-7', 208, '1990-07-14 00:00:00', 'us', '1', 'University of California, Santa Barbara'),
('4faf7458df97dc132a5b7f52791523d2', 'POR', 24, 'Anfernee Simons', 'SG', '6-4', 185, '1999-06-08 00:00:00', 'us', 'R', ''),
('51bda6af77fee586fad3f2924690cfbd', 'HOU', 12, 'Vince Edwards', 'SF', '6-8', 225, '1996-04-05 00:00:00', 'us', 'R', 'Purdue'),
('52487dcab98464c0cbf904488531e3e6', 'HOU', 4, 'Danuel House', 'SF', '6-7', 220, '1993-06-07 00:00:00', 'us', '2', 'Texas A&M'),
('52898b289e5378ea19f495c14e483cf8', 'PHI', 31, 'Mike Muscala', 'PF', '6-11', 240, '1991-07-01 00:00:00', 'us', '5', 'Bucknell'),
('5463c499b4d3e597caf19fc3ddbf0922', 'PHI', 0, 'Corey Brewer', 'SF', '6-9', 186, '1986-03-05 00:00:00', 'us', '11', 'Florida'),
('547c03d508216936150d6de1fb3799d7', 'PHI', 55, 'Greg Monroe', 'C', '6-11', 265, '1990-06-04 00:00:00', 'us', '8', 'Georgetown'),
('54a0ef94079a59aa2aafe9f45c726eb8', 'POR', 10, 'Jake Layman', 'SF', '6-9', 215, '1994-03-07 00:00:00', 'us', '2', 'Maryland'),
('592d7dda52012ca71619739a08785852', 'DEN', 24, 'Mason Plumlee', 'C', '6-11', 235, '1990-03-05 00:00:00', 'us', '5', 'Duke'),
('5ba415b169a406ac371e1566be3bc870', 'POR', 2, 'Wade Baldwin', 'PG', '6-4', 200, '1996-03-29 00:00:00', 'us', '2', 'Vanderbilt'),
('5cb65bc52671e0620521322a64c7e908', 'PHI', 43, 'Jonah Bolden', 'PF', '6-10', 220, '1996-01-02 00:00:00', 'au', 'R', 'UCLA'),
('5d347efadc46b1e99ff221047eea8064', 'OKC', 2, 'Raymond Felton', 'PG', '6-1', 205, '1984-06-26 00:00:00', 'us', '13', 'UNC'),
('5dfee74bc2e435eb214a037a88482ec7', 'PHI', 11, 'James Ennis', 'SF', '6-7', 210, '1990-07-01 00:00:00', 'us', '4', 'Cal State Long Beach'),
('5e5a1ebaa56b9bf989f295f70338faf5', 'HOU', 1, 'Iman Shumpert', 'SG', '6-5', 215, '1990-06-26 00:00:00', 'us', '7', 'Georgia Tech'),
('5e7773e94f133e33d87ff630e0107517', 'MIL', 20, 'Jason Smith', 'PF', '7-0', 240, '1986-03-02 00:00:00', 'us', '10', 'Colorado State'),
('5e8fead687d2c6bc1cf1f0a5c1a32ece', 'DEN', 45, 'Thomas Welsh', 'C', '7-0', 255, '1996-02-03 00:00:00', 'us', 'R', 'UCLA'),
('5eb6003d6a0dde88ccf95bbd0ebc967f', 'OKC', 23, 'Terrance Ferguson', 'SG', '6-7', 190, '1998-05-17 00:00:00', 'us', '1', ''),
('6014131391bf756d9b75e252b76289b9', 'DEN', 34, 'Nick Young', 'SG', '6-7', 210, '1985-06-01 00:00:00', 'us', '11', 'USC'),
('685669355a3f4d69ae6444a777f82f06', 'PHI', 51, 'Boban Marjanovic', 'C', '7-3', 290, '1988-08-15 00:00:00', 'rs', '3', ''),
('68e48297ed7860c367045f29b5533e58', 'BOS', 11, 'Kyrie Irving', 'PG', '6-3', 193, '1992-03-23 00:00:00', 'au', '7', 'Duke'),
('696a9b3a3d4de6c20f39844ed6fa8bc6', 'HOU', 2, 'Brandon Knight', 'PG', '6-3', 195, '1991-12-02 00:00:00', 'us', '6', 'Kentucky'),
('6a088b038df82c1871132aeaf94f7785', 'MIL', 77, 'Ersan Ilyasova', 'PF', '6-10', 235, '1987-05-15 00:00:00', 'tr', '10', ''),
('6d470f1fcf1bf012b978018319dbe3e7', 'MIL', 30, 'Jaylen Morris', 'SG', '6-5', 185, '1995-09-19 00:00:00', 'us', '1', 'Molloy'),
('6ed82b08a1ca33862515ded99d230ede', 'PHI', 0, 'Justin Patton', 'C', '7-0', 241, '1997-06-14 00:00:00', 'us', '1', 'Creighton'),
('6f545977bbd5827647030add33b7ee65', 'GSW', 0, 'DeMarcus Cousins', 'C', '6-11', 270, '1990-08-13 00:00:00', 'us', '8', 'Kentucky'),
('7013632d7c09107e145188caf1e3628e', 'BOS', 20, 'Gordon Hayward', 'PF', '6-8', 225, '1990-03-23 00:00:00', 'us', '8', 'Butler'),
('7299f6a9d302b7070e796ceae7b07fd5', 'TOR', 55, 'Delon Wright', 'PG', '6-5', 183, '1992-04-26 00:00:00', 'us', '3', 'Utah'),
('74b39e926dd420dc55a5048bacf8752a', 'TOR', 22, 'Malachi Richardson', 'SG', '6-6', 205, '1996-01-05 00:00:00', 'us', '2', 'Syracuse'),
('755b7326b0b8ea486f50e63a77890d27', 'MIL', 41, 'Nikola Mirotic', 'PF', '6-10', 250, '1991-02-11 00:00:00', 'me', '4', ''),
('755fdbb40323cd9f73129304517a1cf0', 'POR', 5, 'Rodney Hood', 'SG', '6-8', 206, '1992-10-20 00:00:00', 'us', '4', 'Mississippi State, Duke'),
('757675254e6fd3758d3e6bb9a81fdcd4', 'OKC', 5, 'Markieff Morris', 'PF', '6-10', 245, '1989-09-02 00:00:00', 'us', '7', 'Kansas'),
('759bda9e8f34cdce8c970cbfef33ed29', 'MIL', 13, 'Malcolm Brogdon', 'SG', '6-5', 229, '1992-12-11 00:00:00', 'us', '2', 'Virginia'),
('783aba127dd4d6af2bd7de6598fcd9b4', 'PHI', 33, 'Tobias Harris', 'PF', '6-9', 235, '1992-07-15 00:00:00', 'us', '7', 'Tennessee'),
('790baf489fff77d1c78f753bd3c644af', 'PHI', 1, 'Landry Shamet', 'SG', '6-5', 188, '1997-03-13 00:00:00', 'us', 'R', 'Wichita State'),
('793fd79c395047167189f5a965a1b675', 'HOU', 42, 'Nene Hilario', 'C', '6-11', 250, '1982-09-13 00:00:00', 'br', '16', ''),
('799f53c4cf242ee088026a8f81c3ff6e', 'MIL', 35, 'Christian Wood', 'PF', '6-10', 214, '1995-09-27 00:00:00', 'us', '2', 'UNLV'),
('7a53bffff2b21cd21822d4fdc2109bd2', 'GSW', 35, 'Kevin Durant', 'SF', '6-9', 240, '1988-09-29 00:00:00', 'us', '11', 'Texas'),
('7b1f72ab7826d11aa803c88b9b998c10', 'POR', 8, 'Al-Farouq Aminu', 'PF', '6-9', 220, '1990-09-21 00:00:00', 'us', '8', 'Wake Forest'),
('7e3f14f2d7b8dbdc0fafe82c33996ae6', 'GSW', 28, 'Alfonzo McKinnie', 'SF', '6-8', 215, '1992-09-17 00:00:00', 'us', '1', 'Green Bay'),
('7ec802f487219450c4dcd441c5f13bcc', 'BOS', 27, 'Daniel Theis', 'C', '6-8', 243, '1992-04-04 00:00:00', 'de', '1', ''),
('874a35f66b1c6ad9774d3371263e3808', 'MIL', 5, 'D.J. Wilson', 'PF', '6-10', 231, '1996-02-19 00:00:00', 'us', '1', 'Michigan'),
('8822840bde4ddba9a9b0b5d3e732a73e', 'DEN', 20, 'Tyler Lydon', 'PF', '6-10', 225, '1996-04-09 00:00:00', 'us', '1', 'Syracuse'),
('89026a1149003459a5a96deedd7092c8', 'TOR', 23, 'Fred VanVleet', 'PG', '6-0', 195, '1994-02-25 00:00:00', 'us', '2', 'Wichita State'),
('8937ecd7373de0b13771ea1e4036a019', 'TOR', 17, 'Jeremy Lin', 'PG', '6-3', 200, '1988-08-23 00:00:00', 'us', '8', 'Harvard University'),
('899fa40dce758998801cb0472c7ea0a8', 'TOR', 14, 'Danny Green', 'SG', '6-6', 215, '1987-06-22 00:00:00', 'us', '9', 'UNC'),
('89ca228c3d91bb884a4ae2c2d20bccc0', 'POR', 0, 'Damian Lillard', 'PG', '6-3', 195, '1990-07-15 00:00:00', 'us', '6', 'Weber State'),
('8c556d4dd7bdfb5520fe7254c7075a4a', 'MIL', 7, 'Thon Maker', 'C', '7-1', 221, '1997-02-25 00:00:00', 'ss', '2', ''),
('8e1b51238920b7fdc8e32cb27a441fd5', 'OKC', 0, 'Russell Westbrook', 'PG', '6-3', 200, '1988-11-12 00:00:00', 'us', '10', 'UCLA'),
('91dcee5385f636b89689f4dc133cbc4c', 'DEN', 11, 'Monte Morris', 'PG', '6-3', 175, '1995-06-27 00:00:00', 'us', '1', 'Iowa State'),
('9383e1e6926cf2ac0f9f337435aedbd8', 'POR', 50, 'Caleb Swanigan', 'PF', '6-9', 250, '1997-04-18 00:00:00', 'us', '1', 'Purdue'),
('93d478d30feac5589c2a0efc3bf3add7', 'BOS', 28, 'R.J. Hunter', 'SG', '6-5', 185, '1993-10-24 00:00:00', 'us', '3', 'Georgia State University'),
('95d49b562a22a1a9bc7d92664107d9aa', 'POR', 3, 'CJ McCollum', 'SG', '6-3', 190, '1991-09-19 00:00:00', 'us', '5', 'Lehigh'),
('9613b4b7dfb4922d65890c5649de3ca6', 'HOU', 7, 'Carmelo Anthony', 'PF', '6-8', 240, '1984-05-29 00:00:00', 'us', '15', 'Syracuse'),
('99310baa4c4dc505295a45f4f289b7dd', 'HOU', 35, 'Kenneth Faried', 'C', '6-8', 220, '1989-11-19 00:00:00', 'us', '7', 'Morehead State University'),
('99b64e5311dfbbef80a15c4c8e8a0648', 'PHI', 11, 'Demetrius Jackson', 'PG', '6-1', 201, '1994-09-07 00:00:00', 'us', '2', 'Notre Dame'),
('9a455424eefef9edc1f6b8f7eca1f6ba', 'MIL', 12, 'Tim Frazier', 'PG', '6-1', 170, '1990-11-01 00:00:00', 'us', '4', 'Penn State'),
('9c46be810cd92c60fbaada45426c4dda', 'PHI', 33, 'Robert Covington', 'SF', '6-9', 225, '1990-12-14 00:00:00', 'us', '5', 'Tennessee State'),
('9c919c5cb5b0be0330b165e16f023fc8', 'MIL', 17, 'Pau Gasol', 'C', '7-0', 250, '1980-07-06 00:00:00', 'es', '17', ''),
('9e09b204c95236559b171429cb667926', 'PHI', 22, 'Wilson Chandler', 'PF', '6-9', 225, '1987-05-10 00:00:00', 'us', '10', 'DePaul'),
('9e1fcb050aa028cdbbcb979702271559', 'MIL', 0, 'Trevon Duval', 'PG', '6-2', 189, '1998-08-03 00:00:00', 'us', 'R', 'Duke'),
('9e669364ad41fef9d2c4337ca63d74db', 'HOU', 9, 'Zhou Qi', 'PF', '7-1', 210, '1996-01-16 00:00:00', 'cn', '1', ''),
('9f42764f651a48ab2bc0112d819bafdc', 'GSW', 2, 'Jordan Bell', 'C', '6-9', 224, '1995-01-07 00:00:00', 'us', '1', 'Oregon'),
('a438012da4bcf70f8305b8a6f083c3fb', 'BOS', 50, 'PJ Dozier', 'SG', '6-6', 205, '1996-10-25 00:00:00', 'us', '1', 'South Carolina'),
('a5ab2af4fe5fa4e275830d5b19a672be', 'BOS', 12, 'Terry Rozier', 'PG', '6-1', 190, '1994-03-17 00:00:00', 'us', '3', 'Louisville'),
('a6c5f147aac35e5125ed220b6292cfe9', 'PHI', 1, 'Mike Scott', 'PF', '6-8', 237, '1988-07-16 00:00:00', 'us', '6', 'Virginia'),
('a6f73b1086ec81895dc5e56d38be6063', 'TOR', 33, 'Marc Gasol', 'C', '7-1', 255, '1985-01-29 00:00:00', 'es', '10', ''),
('a7375eb4c3d5619d264bbafa3c817de1', 'HOU', 13, 'James Harden', 'PG', '6-5', 220, '1989-08-26 00:00:00', 'us', '9', 'Arizona State'),
('a8f6a9203011d8c7c46ea169a9aec8e5', 'GSW', 1, 'Damion Lee', 'SG', '6-6', 210, '1992-10-21 00:00:00', 'us', '1', 'Drexel, Louisville'),
('a8fd7ad3a17fd8a0ad2e5b3d7dfb7714', 'GSW', 30, 'Stephen Curry', 'PG', '6-3', 190, '1988-03-14 00:00:00', 'us', '9', 'Davidson'),
('a90f95863bed16e39ad90df6f7731d56', 'OKC', 8, 'Jawun Evans', 'PG', '6-0', 185, '1996-07-26 00:00:00', 'us', '1', 'Oklahoma State'),
('a94f6df6ee0c2f3eaf0c533f718b7625', 'BOS', 55, 'Greg Monroe', 'C', '6-11', 265, '1990-06-04 00:00:00', 'us', '8', 'Georgetown'),
('a97a23b8c444a0fce16a18d99e22df48', 'POR', 9, 'Gary Trent', 'SG', '6-6', 205, '1999-01-18 00:00:00', 'us', 'R', 'Duke'),
('ac381af6f477a958a0ae1f00ea80706d', 'MIL', 6, 'Eric Bledsoe', 'PG', '6-1', 205, '1989-12-09 00:00:00', 'us', '8', 'Kentucky'),
('ace46388ece69da21856dc4d4187deb7', 'TOR', 43, 'Pascal Siakam', 'PF', '6-9', 230, '1994-04-02 00:00:00', 'cm', '2', 'New Mexico State'),
('aea9275af83e92cbb36ede858a34653b', 'HOU', 55, 'Isaiah Hartenstein', 'PF', '7-0', 249, '1998-05-05 00:00:00', 'us', 'R', ''),
('b020c1c40d5067e4b5a9b5191675aad1', 'TOR', 25, 'Chris Boucher', 'PF', '6-10', 200, '1993-01-11 00:00:00', 'lc', '1', 'Oregon'),
('b0354066a29d23dd010ed40f46834b99', 'POR', 1, 'Evan Turner', 'PG', '6-7', 220, '1988-10-27 00:00:00', 'us', '8', 'Ohio State'),
('b218927d59277c9db89ed62199ba3c79', 'PHI', 18, 'Shake Milton', 'SG', '6-6', 207, '1996-09-26 00:00:00', 'us', 'R', 'SMU'),
('b28ba02a1c3803cd4c025941b6ac4fe0', 'PHI', 21, 'Joel Embiid', 'C', '7-0', 250, '1994-03-16 00:00:00', 'cm', '2', 'Kansas'),
('b66348595656afb3d00dd617d817bd21', 'OKC', 3, 'Nerlens Noel', 'C', '6-11', 220, '1994-04-10 00:00:00', 'us', '4', 'Kentucky'),
('b8219ed233477a467ea7c6a3a49010c8', 'TOR', 15, 'Greg Monroe', 'C', '6-11', 265, '1990-06-04 00:00:00', 'us', '8', 'Georgetown'),
('b9301155de19e35a38a9bc742ddb8f56', 'DEN', 8, 'Jarred Vanderbilt', 'PF', '6-9', 214, '1999-04-03 00:00:00', 'us', 'R', 'Kentucky'),
('ba0d5c4d8d8a9582e1c21b0d54c82527', 'HOU', 8, 'James Ennis', 'SF', '6-7', 210, '1990-07-01 00:00:00', 'us', '4', 'Cal State Long Beach'),
('ba8754c9d4a116f7a48f16d2fac396dc', 'TOR', 13, 'Malcolm Miller', 'SF', '6-7', 210, '1993-03-06 00:00:00', 'us', '1', 'Holy Cross'),
('babbece4db5f0a9765bce88036a79ff9', 'DEN', 3, 'Torrey Craig', 'SF', '6-7', 215, '1990-12-19 00:00:00', 'us', '1', 'USC Upstate'),
('bb1550a3061ba7348cae67fc15de0f10', 'POR', 33, 'Zach Collins', 'C', '7-0', 235, '1997-11-19 00:00:00', 'us', '1', 'Gonzaga'),
('bb3c101f7df6583ca91b5c908a6c139d', 'MIL', 31, 'John Henson', 'C', '6-11', 219, '1990-12-28 00:00:00', 'us', '6', 'UNC'),
('bc0c8692faacdcbd9312dd785890c9ce', 'DEN', 4, 'Paul Millsap', 'PF', '6-8', 246, '1985-02-10 00:00:00', 'us', '12', 'Louisiana Tech'),
('c0daf517e5366af07a108189d7286bde', 'DEN', 6, 'Brandon Goodwin', 'PG', '6-2', 180, '1995-10-02 00:00:00', 'us', 'R', 'Central Florida, Florida Gulf Coast'),
('c1b209c445d0a55a46460f1df9f89ae4', 'HOU', 3, 'Chris Paul', 'PG', '6-0', 175, '1985-05-06 00:00:00', 'us', '13', 'Wake Forest'),
('c2098c3c351cfab18e8f27fa0d3876ce', 'DEN', 15, 'Nikola Jokic', 'C', '7-0', 250, '1995-02-19 00:00:00', 'rs', '3', ''),
('c2dfcc4165c12b8d924ab44f61c0975e', 'HOU', 0, 'Marquese Chriss', 'PF', '6-10', 240, '1997-07-02 00:00:00', 'us', '2', 'Washington'),
('c58a9bc0a49cab4d477261a1301f1a21', 'BOS', 44, 'Robert Williams', 'C', '6-10', 240, '1997-10-17 00:00:00', 'us', 'R', 'Texas A&M'),
('c6b36b1e92f9ae05f6b1882c4ad33f1e', 'TOR', 4, 'Lorenzo Brown', 'PG', '6-5', 189, '1990-08-26 00:00:00', 'us', '4', 'NC State'),
('c8bb9d366246de133d0348f445a46cf6', 'TOR', 3, 'OG Anunoby', 'SF', '6-8', 232, '1997-07-17 00:00:00', 'gb', '1', 'Indiana'),
('cad5fbac7d0b1394a0b844a6f0009664', 'GSW', 23, 'Draymond Green', 'PF', '6-7', 230, '1990-03-04 00:00:00', 'us', '6', 'Michigan State'),
('cebf6bbba72263e424b226dd183c3497', 'BOS', 9, 'Brad Wanamaker', 'PG', '6-4', 210, '1989-07-25 00:00:00', 'us', 'R', 'Pitt'),
('d0fa0a7976d187e9350f722e0fc4ce54', 'POR', 0, 'Enes Kanter', 'C', '6-11', 250, '1992-05-20 00:00:00', 'ch', '7', ''),
('d1d03b9d666e563d2ac3161051605a98', 'PHI', 23, 'Jimmy Butler', 'SF', '6-8', 232, '1989-09-14 00:00:00', 'us', '7', 'Marquette'),
('d69025d43d9f0dbacf551d0673c22ed9', 'PHI', 5, 'Amir Johnson', 'C', '6-9', 240, '1987-05-01 00:00:00', 'us', '13', ''),
('d6b6aa654597dd502c6a6f74c3dca79a', 'PHI', 14, 'Jonathon Simmons', 'SF', '6-6', 195, '1989-09-14 00:00:00', 'us', '3', 'Houston'),
('d87197e64f319fb65e77460d59863025', 'BOS', 0, 'Jayson Tatum', 'SF', '6-8', 208, '1998-03-03 00:00:00', 'us', '1', 'Duke'),
('dafe09936a5d0b82cd65305e45706f50', 'MIL', 11, 'Brook Lopez', 'C', '7-0', 270, '1988-04-01 00:00:00', 'us', '10', 'Stanford'),
('dc29271158f8c56f570d48914b4dbd90', 'BOS', 46, 'Aron Baynes', 'C', '6-10', 260, '1986-12-09 00:00:00', 'nz', '6', 'Washington State'),
('debfff779b6697c92137b1840589d152', 'MIL', 8, 'Matthew Dellavedova', 'PG', '6-4', 200, '1990-09-08 00:00:00', 'au', '5', 'Saint Mary\'s'),
('dff4e1be12c6d93f78d59c6aa82fe08b', 'HOU', 2, 'Chris Chiozza', 'PG', '6-0', 176, '1995-11-25 00:00:00', 'us', 'R', 'Florida'),
('e06857718cb1eba3eb05dbcf12bfb333', 'OKC', 54, 'Patrick Patterson', 'PF', '6-9', 230, '1989-03-14 00:00:00', 'us', '8', 'Kentucky'),
('e2117eb8e1e268c532906e0adcd1cdcf', 'BOS', 30, 'Guerschon Yabusele', 'PF', '6-8', 260, '1995-12-17 00:00:00', 'fr', '1', ''),
('e28a6ed85a08f500d993c79f059967fa', 'TOR', 7, 'Kyle Lowry', 'PG', '6-1', 196, '1986-03-25 00:00:00', 'us', '12', 'Villanova'),
('e382bbed45df9176945e8188531d02b5', 'TOR', 15, 'Eric Moreland', 'PF', '6-10', 238, '1991-12-24 00:00:00', 'us', '3', 'Oregon State'),
('e3afdb63ab90d13f719f9eec3e470d27', 'PHI', 8, 'Zhaire Smith', 'SG', '6-4', 199, '1999-06-04 00:00:00', 'us', 'R', 'Texas Tech'),
('e4317ad4127f85850532dec276fd4169', 'HOU', 15, 'Clint Capela', 'C', '6-10', 240, '1994-05-18 00:00:00', 'ch', '4', ''),
('e48358af630c89a0ee035824fcb795a6', 'TOR', 8, 'Jordan Loyd', 'PG', '6-4', 210, '1993-07-27 00:00:00', 'us', 'R', 'Furman University, University of Indianapolis'),
('e4b2150cd88f437a702582e2cdd24dfe', 'GSW', 12, 'Andrew Bogut', 'C', '7-0', 260, '1984-11-28 00:00:00', 'au', '13', 'Utah'),
('e953c5874e016fcb7c890f4d6b4ec839', 'BOS', 36, 'Marcus Smart', 'SG', '6-4', 220, '1994-03-06 00:00:00', 'us', '4', 'Oklahoma State'),
('eb85316b4984e1085764828e4117cf5c', 'DEN', 7, 'Trey Lyles', 'PF', '6-10', 234, '1995-11-05 00:00:00', 'ca', '3', 'Kentucky'),
('ed39a43d12a47f5927832fbd49b119af', 'PHI', 17, 'J.J. Redick', 'SG', '6-4', 200, '1984-06-24 00:00:00', 'us', '12', 'Duke'),
('ef49051f4e8cc9a04ff6eefc527bdb3c', 'POR', 4, 'Maurice Harkless', 'SF', '6-9', 220, '1993-05-11 00:00:00', 'us', '6', 'St. John\'s'),
('f067b90161c9909c7ded565d9f9dc6a1', 'PHI', 25, 'Ben Simmons', 'PG', '6-10', 230, '1996-07-20 00:00:00', 'au', '1', 'LSU'),
('f087bb42436fba9b491c616915be43ba', 'HOU', 25, 'Austin Rivers', 'SG', '6-4', 200, '1992-08-01 00:00:00', 'us', '6', 'Duke'),
('f423d3f6091362a654792d81511c1fe9', 'DEN', 0, 'Isaiah Thomas', 'SG', '5-9', 185, '1989-02-07 00:00:00', 'us', '7', 'Washington'),
('f4d6bd815eed0ca2cfe1796e4475ab95', 'HOU', 10, 'Eric Gordon', 'SG', '6-4', 215, '1988-12-25 00:00:00', 'us', '10', 'Indiana'),
('f5bb42b10e2d144c834faf8612ea382c', 'GSW', 11, 'Klay Thompson', 'SG', '6-7', 215, '1990-02-08 00:00:00', 'us', '7', 'Washington State'),
('f706ba5f557cbb35e4cc410df45de394', 'MIL', 7, 'Isaiah Canaan', 'PG', '6-0', 201, '1991-05-21 00:00:00', 'us', '5', 'Murray State'),
('f8605c08106d3eeacf2b5b9d3bcb4919', 'TOR', 1, 'Patrick McCaw', 'SG', '6-7', 185, '1995-10-25 00:00:00', 'us', '2', 'UNLV'),
('f8d73684b5d8007bc8a5f684f4161e95', 'HOU', 6, 'Gary Clark', 'PF', '6-8', 225, '1994-11-16 00:00:00', 'us', 'R', 'Cincinnati'),
('f969e675ae7b964e432181137dce3afa', 'POR', 31, 'Seth Curry', 'SG', '6-2', 185, '1990-08-23 00:00:00', 'us', '4', 'Liberty, Duke'),
('f9b5b2a0e2dcb5cc4bd1953bc863f6d3', 'HOU', 14, 'Gerald Green', 'SG', '6-7', 205, '1986-01-26 00:00:00', 'us', '11', ''),
('fb7023fdf9a77b1cf2d336e7b90b7f9a', 'POR', 17, 'Skal Labissiere', 'PF', '6-11', 235, '1996-03-18 00:00:00', 'ht', '2', 'Kentucky'),
('fd5d9c126536863c1100bd2bf6fc9fad', 'PHI', 9, 'Dario Saric', 'PF', '6-10', 223, '1994-04-08 00:00:00', 'hr', '2', ''),
('fe625fb7d644226bab83ca785672f7a9', 'GSW', 15, 'Damian Jones', 'C', '7-0', 245, '1995-06-30 00:00:00', 'us', '2', 'Vanderbilt'),
('ff56766cec51f8581cb2aaa7515b9ad3', 'TOR', 2, 'Kawhi Leonard', 'SF', '6-7', 230, '1991-06-29 00:00:00', 'us', '7', 'San Diego State'),
('ffd696b8a71d5520264dfe1124e1b237', 'DEN', 23, 'DeVaughn Akoon-Purcell', 'SG', '6-6', 200, '1993-06-05 00:00:00', 'us', 'R', 'Illinois State University');

-- --------------------------------------------------------

--
-- Table structure for table `team`
--

DROP TABLE IF EXISTS `team`;
CREATE TABLE `team` (
  `code` varchar(3) NOT NULL,
  `name` varchar(255) DEFAULT NULL
) ENGINE=InnoDB DEFAULT CHARSET=utf8;

--
-- Dumping data for table `team`
--

INSERT INTO `team` (`code`, `name`) VALUES
('BOS', 'Boston Celtics'),
('DEN', 'Denver Nuggets'),
('GSW', 'Golden State Warriors'),
('HOU', 'Houston Rockets'),
('MIL', 'Milwaukee Bucks'),
('OKC', 'Oklahoma City Thunder'),
('PHI', 'Philadelphia 76ers'),
('POR', 'Portland'),
('TOR', 'Toronto Raptors');

--
-- Indexes for dumped tables
--

--
-- Indexes for table `player_totals`
--
ALTER TABLE `player_totals`
  ADD PRIMARY KEY (`player_id`);

--
-- Indexes for table `roster`
--
ALTER TABLE `roster`
  ADD PRIMARY KEY (`id`),
  ADD KEY `team_code_idx` (`team_code`);

--
-- Indexes for table `team`
--
ALTER TABLE `team`
  ADD PRIMARY KEY (`code`);

--
-- Constraints for dumped tables
--

--
-- Constraints for table `player_totals`
--
ALTER TABLE `player_totals`
  ADD CONSTRAINT `player_id` FOREIGN KEY (`player_id`) REFERENCES `roster` (`id`) ON DELETE NO ACTION ON UPDATE NO ACTION;

--
-- Constraints for table `roster`
--
ALTER TABLE `roster`
  ADD CONSTRAINT `team_code` FOREIGN KEY (`team_code`) REFERENCES `team` (`code`) ON DELETE NO ACTION ON UPDATE NO ACTION;
COMMIT;

/*!40101 SET CHARACTER_SET_CLIENT=@OLD_CHARACTER_SET_CLIENT */;
/*!40101 SET CHARACTER_SET_RESULTS=@OLD_CHARACTER_SET_RESULTS */;
/*!40101 SET COLLATION_CONNECTION=@OLD_COLLATION_CONNECTION */;
